{"cameraMode":{"drawMode":0,"name":"Shaded","section":"Shading Mode"},"sceneLighting":true,"audioPlay":false,"sceneViewState":{"m_AlwaysRefresh":false,"showFog":true,"showSkybox":true,"showFlares":true,"showImageEffects":true,"showParticleSystems":true,"showVisualEffectGraphs":true,"m_FxEnabled":true},"in2DMode":false,"pivot":{"x":1.7734993696212769,"y":-0.9031758308410645,"z":-1.4674839973449708},"rotation":{"x":0.3461430072784424,"y":0.10551833361387253,"z":-0.03922648727893829,"w":0.9314314126968384},"size":4.297654628753662,"orthographic":false}