{"cameraMode":{"drawMode":0,"name":"Shaded","section":"Shading Mode"},"sceneLighting":true,"audioPlay":false,"sceneViewState":{"m_AlwaysRefresh":false,"showFog":true,"showSkybox":true,"showFlares":true,"showImageEffects":true,"showParticleSystems":true,"showVisualEffectGraphs":true,"m_FxEnabled":true},"in2DMode":false,"pivot":{"x":0.03171322122216225,"y":-8.316424369812012,"z":3.7636947631835939},"rotation":{"x":0.33284345269203188,"y":0.001707451418042183,"z":-0.0006011520163156092,"w":0.9430041313171387},"size":12.626721382141114,"orthographic":false}